Asset A,Asset B,t-score,p-value,1% CV,5% CV,10% CV,Hurst Exponent,Half-life,Times Crossing the Mean,Dummy Same Label,Dummy Same Sector
VRSN,REGN,-3.5902521650282204,0.025190218132230394,-3.940251928010124,-3.3603871872705398,-3.061256130387914,0.21932562316487514,595.9433625727407,12,0,0
ROP,RF,-3.3567866719434156,0.04738196189892924,-3.940251928010124,-3.3603871872705398,-3.061256130387914,0.24379604716403874,-781.9820165545646,23,0,0
STT,RF,-3.3911075127376424,0.0433477974783233,-3.940251928010124,-3.3603871872705398,-3.061256130387914,0.195343927017227,-1366.303184531201,21,0,1
RF,UAA,-4.351158572684596,0.0021281230660664735,-3.940251928010124,-3.3603871872705398,-3.061256130387914,0.15648930527327853,17.889781905065142,18,0,0
RF,UA,-3.9478722312982124,0.00850948933036252,-3.940251928010124,-3.3603871872705398,-3.061256130387914,0.16480340796530824,41.10441026346346,34,0,0
VRSN,RF,-3.8492152337853582,0.011640058420342863,-3.940251928010124,-3.3603871872705398,-3.061256130387914,0.17502584546840935,1450.5729019223634,18,0,0
V,RF,-3.641237146775813,0.02176515227255444,-3.940251928010124,-3.3603871872705398,-3.061256130387914,0.18714338219759355,-749.271235665769,25,0,0
SRE,RSG,-3.381083706450925,0.04449536059663985,-3.940251928010124,-3.3603871872705398,-3.061256130387914,0.23668173264273093,213.3390937151453,27,0,0
SJM,RSG,-3.734273466622515,0.016546872442370308,-3.940251928010124,-3.3603871872705398,-3.061256130387914,0.16166487961962647,101.64612896319358,39,0,0
VRSN,RSG,-3.5896226029969087,0.025235259852026144,-3.940251928010124,-3.3603871872705398,-3.061256130387914,0.18645273820071526,445.29650362872616,15,0,0
V,RSG,-3.7159568789416073,0.01747755914255015,-3.940251928010124,-3.3603871872705398,-3.061256130387914,0.1852971320968141,-800.4190339759737,29,0,0
ROP,RMD,-3.38517207404236,0.04402429739647788,-3.940251928010124,-3.3603871872705398,-3.061256130387914,0.27181891035774247,-974.9907049381156,23,0,0
ROK,RHI,-3.3626600914348534,0.046670353845484146,-3.940251928010124,-3.3603871872705398,-3.061256130387914,0.20089080092865808,-764.9820472175786,15,0,1
RHI,STX,-3.495521695532443,0.03279445030505617,-3.940251928010124,-3.3603871872705398,-3.061256130387914,0.18184180737024613,10.64488588039629,26,0,0
SWKS,RHI,-3.7449043711685754,0.01602690066975178,-3.940251928010124,-3.3603871872705398,-3.061256130387914,0.17700139572323748,-654.0974479468624,17,0,0
SJM,RHI,-3.5231417514682057,0.030398326289380297,-3.940251928010124,-3.3603871872705398,-3.061256130387914,0.18863722513398745,197.43176070848568,23,0,0
TROW,RHI,-3.983606087297988,0.007577325286504539,-3.940251928010124,-3.3603871872705398,-3.061256130387914,0.2009731237355116,-691.3690343454012,15,0,0
TFC,RHI,-3.578121577953665,0.026070380960661617,-3.940251928010124,-3.3603871872705398,-3.061256130387914,0.2422162730574612,-171.67720550604793,23,0,0
TWTR,RHI,-3.7599172254190667,0.015317083819533485,-3.940251928010124,-3.3603871872705398,-3.061256130387914,0.201027635158141,88.93513846733455,21,0,0
V,RHI,-4.106739758932167,0.005028463777452162,-3.940251928010124,-3.3603871872705398,-3.061256130387914,0.17642373800528374,-2707.0300278634327,41,0,0
WAT,RHI,-3.6476695609829135,0.021363127232790588,-3.940251928010124,-3.3603871872705398,-3.061256130387914,0.25999666982607855,-475.3093072699154,13,0,0
WELL,RHI,-3.7473889355838272,0.015907468228399477,-3.940251928010124,-3.3603871872705398,-3.061256130387914,0.18748608845390846,14.09919859558036,23,0,0
WTW,RHI,-3.7326925951790093,0.016625446853158143,-3.940251928010124,-3.3603871872705398,-3.061256130387914,0.19266110492007874,3224.701537437977,28,0,0
ROK,ROST,-3.7608384612228143,0.015274442909685503,-3.940251928010124,-3.3603871872705398,-3.061256130387914,0.20101295593922755,-667.0895426253429,17,0,0
ROK,RCL,-3.6213833171440903,0.023047666929539933,-3.940251928010124,-3.3603871872705398,-3.061256130387914,0.20366248485983046,-853.0198442690707,21,0,0
ROK,STX,-3.993068764368006,0.007346404187966445,-3.940251928010124,-3.3603871872705398,-3.061256130387914,0.2040190123406078,-749.4312453806522,15,0,0
SRE,ROK,-3.347642699515039,0.04850764865294783,-3.940251928010124,-3.3603871872705398,-3.061256130387914,0.15924944653897535,-372.71486098721516,13,0,0
ROK,SPG,-3.4269118424047376,0.039448100439667795,-3.940251928010124,-3.3603871872705398,-3.061256130387914,0.22576636492288912,-1338.8582417688144,20,0,0
ROK,SJM,-4.36132796323802,0.002050681158966221,-3.940251928010124,-3.3603871872705398,-3.061256130387914,0.14818684021219006,-428.25182540994115,15,0,0
ROK,SNA,-3.68422363807818,0.01919878037213228,-3.940251928010124,-3.3603871872705398,-3.061256130387914,0.18630362874809997,309.8767052133529,18,0,1
ROK,LUV,-4.306227647552809,0.002503772753411072,-3.940251928010124,-3.3603871872705398,-3.061256130387914,0.18971124995526684,-627.8023365716629,15,0,1
ROK,SWK,-4.37354389367995,0.001961108239782907,-3.940251928010124,-3.3603871872705398,-3.061256130387914,0.15796763534571545,693.7577468546568,48,0,1
ROK,SBUX,-4.931336524414827,0.00021974449056951618,-3.940251928010124,-3.3603871872705398,-3.061256130387914,0.18938223278452856,-652.0375231173992,35,0,0
ROK,STE,-4.507982017733786,0.001188195165213316,-3.940251928010124,-3.3603871872705398,-3.061256130387914,0.15142345736404506,773.9506211352626,26,0,0
ROK,SYK,-4.2425128197040385,0.003142064083823707,-3.940251928010124,-3.3603871872705398,-3.061256130387914,0.21779025354124715,37.7322979369477,24,0,0
ROK,SNPS,-3.6882000531212817,0.018975289646621644,-3.940251928010124,-3.3603871872705398,-3.061256130387914,0.22691506112292079,24.32329774674289,32,0,0
ROK,SYY,-4.31305797492087,0.0024429722235492527,-3.940251928010124,-3.3603871872705398,-3.061256130387914,0.20339165046628105,-555.456216784828,21,0,0
ROK,TMUS,-4.483472864741949,0.0013035358148822008,-3.940251928010124,-3.3603871872705398,-3.061256130387914,0.16243146002799852,-611.1160516379423,25,0,0
ROK,TROW,-3.7690174196420743,0.01490042848226536,-3.940251928010124,-3.3603871872705398,-3.061256130387914,0.14213616932609266,-3492.1881173925676,24,0,0
ROK,TPR,-4.26905193275374,0.0028598991213020513,-3.940251928010124,-3.3603871872705398,-3.061256130387914,0.19358181149051104,-693.357016223386,15,0,0
ROK,TGT,-4.55362584719382,0.0009983832294792176,-3.940251928010124,-3.3603871872705398,-3.061256130387914,0.210262838671976,568.5153844860141,20,0,0
ROK,TEL,-4.4461757557459975,0.0014992451146920791,-3.940251928010124,-3.3603871872705398,-3.061256130387914,0.18240321451142516,-1103.5382917457086,29,0,0
ROK,TER,-4.083717010638033,0.005435657578247203,-3.940251928010124,-3.3603871872705398,-3.061256130387914,0.20171993690308726,-2000.9764862707275,23,0,0
ROK,TXN,-4.997015758089241,0.00016673529101676458,-3.940251928010124,-3.3603871872705398,-3.061256130387914,0.18790080741289464,446462.9224327675,34,0,0
ROK,TXT,-4.209218391410282,0.003532209177185662,-3.940251928010124,-3.3603871872705398,-3.061256130387914,0.19191688991594252,-637.540723510318,15,0,1
ROK,TJX,-3.879675726991005,0.010578682918969993,-3.940251928010124,-3.3603871872705398,-3.061256130387914,0.18953345311705114,-504.84335051587806,15,0,0
ROK,TT,-5.238408353710301,5.861209454516867e-05,-3.940251928010124,-3.3603871872705398,-3.061256130387914,0.1892762818266609,3578.7043794767837,32,0,1
ROK,TRV,-4.524310738653587,0.0011167197904293309,-3.940251928010124,-3.3603871872705398,-3.061256130387914,0.18737068466750129,-850.1426540183592,29,0,0
ROK,TRMB,-4.243317457974614,0.0031331456354505155,-3.940251928010124,-3.3603871872705398,-3.061256130387914,0.18609066085390621,-836.9954277082273,25,0,0
ROK,TFC,-4.0103842508257115,0.006940223420454466,-3.940251928010124,-3.3603871872705398,-3.061256130387914,0.18909026699134107,-535.0085158446511,17,0,0
ROK,TWTR,-3.8644086540621227,0.011099354294738425,-3.940251928010124,-3.3603871872705398,-3.061256130387914,0.21049959188725284,-727.1131866281868,23,0,0
ROK,TYL,-3.907503814316814,0.00968542885818693,-3.940251928010124,-3.3603871872705398,-3.061256130387914,0.2020385625352616,1307.4995030507025,15,0,0
ROK,ULTA,-3.813598293814118,0.013000415366691323,-3.940251928010124,-3.3603871872705398,-3.061256130387914,0.24309447089011377,61.40668397254978,12,0,0
ROK,UNP,-3.668794804544826,0.02008782472256695,-3.940251928010124,-3.3603871872705398,-3.061256130387914,0.21526262132974622,563.4140484976189,31,1,1
ROK,UAL,-3.8228076500043517,0.012635794988863778,-3.940251928010124,-3.3603871872705398,-3.061256130387914,0.1870099030775873,-575.6342318086506,17,0,1
ROK,UNH,-4.725115269595714,0.0005102211999770028,-3.940251928010124,-3.3603871872705398,-3.061256130387914,0.09940614711019664,980.6187238825372,28,0,0
ROK,UHS,-4.639494273804853,0.0007157984797427617,-3.940251928010124,-3.3603871872705398,-3.061256130387914,0.19555549219845242,-671.3612346639694,25,0,0
ROK,VTR,-4.1641937971519605,0.004130588316867785,-3.940251928010124,-3.3603871872705398,-3.061256130387914,0.1807975884139883,-558.5505694363159,17,0,0
ROK,VFC,-3.7168525747462446,0.017431003160533972,-3.940251928010124,-3.3603871872705398,-3.061256130387914,0.21031447011880194,-549.8795191590597,19,0,0
ROK,VMC,-4.510014973666375,0.0011790690693984807,-3.940251928010124,-3.3603871872705398,-3.061256130387914,0.22500402563209135,-1930.3671425682523,34,0,0
ROK,WMT,-3.5023028025145657,0.03219179533352156,-3.940251928010124,-3.3603871872705398,-3.061256130387914,0.1759786092964437,-317.7585698709636,25,0,0
ROK,WELL,-4.0618794985815585,0.005849352378086323,-3.940251928010124,-3.3603871872705398,-3.061256130387914,0.19251140752910043,-572.6877800801664,17,0,0
ROK,WHR,-4.063064932484089,0.005826181868284892,-3.940251928010124,-3.3603871872705398,-3.061256130387914,0.16583072900276574,143.96590160200864,23,0,0
ROK,XYL,-5.396699679151228,2.87927769738018e-05,-3.940251928010124,-3.3603871872705398,-3.061256130387914,0.19290880905465296,-597.2151430806599,39,0,1
ROK,ZBH,-4.326684357107224,0.00232573071140919,-3.940251928010124,-3.3603871872705398,-3.061256130387914,0.1686828380107447,-1832.5847985096066,32,0,0
ROK,ZION,-3.6383574532888705,0.021947249017405437,-3.940251928010124,-3.3603871872705398,-3.061256130387914,0.18413109942192868,-562.8855127935834,19,0,0
VRSN,ROL,-3.5015702518684777,0.032256442684989305,-3.940251928010124,-3.3603871872705398,-3.061256130387914,0.22068513448099494,2716.10023447035,26,0,0
ROP,ROST,-3.358499691974973,0.04717349658684537,-3.940251928010124,-3.3603871872705398,-3.061256130387914,0.2445948602046276,-1036.1828418248253,25,0,0
ROP,SLB,-3.341316699984739,0.04929926096219004,-3.940251928010124,-3.3603871872705398,-3.061256130387914,0.24194392594555814,-759.9203161446127,21,0,0
ROP,STX,-3.502341845171519,0.0321883529225284,-3.940251928010124,-3.3603871872705398,-3.061256130387914,0.25269763147968394,-1063.0214168781972,24,0,0
ROP,SRE,-3.7210868494306957,0.0172123841947829,-3.940251928010124,-3.3603871872705398,-3.061256130387914,0.22334787134729975,-647.0575693913373,29,0,0
ROP,SPG,-3.3748559349998817,0.04522096576626682,-3.940251928010124,-3.3603871872705398,-3.061256130387914,0.24488795626024898,-1743.0519639918389,24,0,0
ROP,SJM,-3.686077968788281,0.01909427524526727,-3.940251928010124,-3.3603871872705398,-3.061256130387914,0.24043979576888544,-656.368890820046,29,0,0
ROP,SO,-3.561964150952325,0.027283676311701605,-3.940251928010124,-3.3603871872705398,-3.061256130387914,0.2420660429693022,-697.5735780559456,31,0,0
ROP,LUV,-3.4063598971567894,0.041648975524682726,-3.940251928010124,-3.3603871872705398,-3.061256130387914,0.2488445681509372,-954.0026453319707,35,0,1
ROP,SBUX,-3.466514768018502,0.03548148139538235,-3.940251928010124,-3.3603871872705398,-3.061256130387914,0.24812686132621492,-994.7932341733056,29,0,0
ROP,STT,-3.352518904631158,0.047904638713009165,-3.940251928010124,-3.3603871872705398,-3.061256130387914,0.23361719876155712,-793.8117936498977,29,0,0
ROP,STE,-3.4540007969553677,0.03669683283474981,-3.940251928010124,-3.3603871872705398,-3.061256130387914,0.23288990343232102,-1552.058475575641,20,0,0
ROP,SYK,-3.367132513694393,0.046134436679403576,-3.940251928010124,-3.3603871872705398,-3.061256130387914,0.2514664605816182,-38445.81336504688,26,0,0
ROP,SYY,-3.339291394873911,0.04955493778695369,-3.940251928010124,-3.3603871872705398,-3.061256130387914,0.25413041229475725,-889.3977830254557,37,0,0
ROP,TMUS,-3.5580203063618674,0.02758707556966786,-3.940251928010124,-3.3603871872705398,-3.061256130387914,0.22619361355600726,-935.5590780117518,35,0,0
ROP,TTWO,-3.538832466575438,0.02910476407882106,-3.940251928010124,-3.3603871872705398,-3.061256130387914,0.1943220392476854,-973.8338172890172,19,0,0
ROP,TPR,-3.4427766000968063,0.03781656394483494,-3.940251928010124,-3.3603871872705398,-3.061256130387914,0.2512479706147212,-1011.1848666174238,33,0,0
ROP,TFX,-3.37495154030643,0.04520975293860394,-3.940251928010124,-3.3603871872705398,-3.061256130387914,0.20248335130434764,35.400908500209354,24,0,0
ROP,TER,-3.3498658380362243,0.04823195483730259,-3.940251928010124,-3.3603871872705398,-3.061256130387914,0.23798439326595186,-1767.4946009264386,24,0,0
ROP,TSLA,-3.707194337312683,0.017938788809833177,-3.940251928010124,-3.3603871872705398,-3.061256130387914,0.21491338557769638,34.04488268281549,12,0,0
ROP,TXN,-3.438918269337391,0.038208045790109224,-3.940251928010124,-3.3603871872705398,-3.061256130387914,0.23051419288174896,-2262.306513188317,20,0,0
ROP,TXT,-3.3581347352784583,0.04721784617834778,-3.940251928010124,-3.3603871872705398,-3.061256130387914,0.23835040128372517,-972.5033648336484,31,0,1
ROP,TRV,-3.379747969490851,0.044650169031124794,-3.940251928010124,-3.3603871872705398,-3.061256130387914,0.24623429374127428,-1266.1469611262833,19,0,0
ROP,TFC,-3.3656963645556845,0.046305967960719105,-3.940251928010124,-3.3603871872705398,-3.061256130387914,0.2481643380670298,-844.9658470571866,27,0,0
ROP,TWTR,-3.5134773417502076,0.031219207977023346,-3.940251928010124,-3.3603871872705398,-3.061256130387914,0.2495790264069578,-1046.814169502279,21,0,0
ROP,TSN,-3.535785541196809,0.02935221219810674,-3.940251928010124,-3.3603871872705398,-3.061256130387914,0.2380055774596837,-777.7640924208765,27,0,0
ROP,USB,-3.4004890618931403,0.042296179307649714,-3.940251928010124,-3.3603871872705398,-3.061256130387914,0.24493712583154642,-857.7654471218317,27,0,0
ROP,UDR,-3.4667862792842215,0.035455493423686125,-3.940251928010124,-3.3603871872705398,-3.061256130387914,0.24615940009118772,-743.0024976315617,21,0,0
ROP,UAA,-3.429529808345485,0.039174872603029265,-3.940251928010124,-3.3603871872705398,-3.061256130387914,0.2471621613333283,-802.103333738397,21,0,0
ROP,UA,-3.424757578819478,0.03967412924589618,-3.940251928010124,-3.3603871872705398,-3.061256130387914,0.2458483044377884,-781.075911880718,23,0,0
ROP,UNP,-3.3546290258614393,0.04764561852620008,-3.940251928010124,-3.3603871872705398,-3.061256130387914,0.22421857469411027,-2144.582003187657,13,0,1
ROP,UAL,-3.3470763638611154,0.048578087902488215,-3.940251928010124,-3.3603871872705398,-3.061256130387914,0.23870102601050897,-896.0176721145921,33,0,1
ROP,UPS,-3.378672112630116,0.044775182952444814,-3.940251928010124,-3.3603871872705398,-3.061256130387914,0.222963185393495,-2584.495797426283,15,0,1
ROP,UHS,-3.4246962046540865,0.03968058458199086,-3.940251928010124,-3.3603871872705398,-3.061256130387914,0.2338179995346979,-1074.99257409233,29,0,0
ROP,VLO,-3.5811304284008227,0.02584963697838643,-3.940251928010124,-3.3603871872705398,-3.061256130387914,0.25706344645697843,-788.4998608607845,15,0,0
ROP,VRSN,-3.5522361047274416,0.028037280177395287,-3.940251928010124,-3.3603871872705398,-3.061256130387914,0.23567113792629002,-458.8182355209419,23,0,0
ROP,VRSK,-3.4531615056506975,0.036779584112020224,-3.940251928010124,-3.3603871872705398,-3.061256130387914,0.23086106266628495,-668.5857853290837,23,0,1
ROP,VZ,-3.91828554899939,0.009357899557076048,-3.940251928010124,-3.3603871872705398,-3.061256130387914,0.24133733402504154,-631.2503921744601,21,0,0
ROP,VNO,-3.4786112162207123,0.03433914556907028,-3.940251928010124,-3.3603871872705398,-3.061256130387914,0.24818820239056857,-722.1076185438142,19,0,0
ROP,WMT,-3.7535110402005354,0.015616514464274985,-3.940251928010124,-3.3603871872705398,-3.061256130387914,0.2409048246060213,-582.7977255482032,25,0,0
ROP,WBA,-3.472311925198356,0.03493008140768379,-3.940251928010124,-3.3603871872705398,-3.061256130387914,0.24328761768791204,-736.8344992676176,21,0,0
ROP,WEC,-3.866367098210633,0.01103131048097214,-3.940251928010124,-3.3603871872705398,-3.061256130387914,0.24345213464427742,-599.7617956351531,25,0,0
ROP,WFC,-3.4923446636315187,0.03308007758499699,-3.940251928010124,-3.3603871872705398,-3.061256130387914,0.24392245829667578,-823.3019845979186,23,0,0
ROP,WDC,-3.4598900234668526,0.03612057428621057,-3.940251928010124,-3.3603871872705398,-3.061256130387914,0.25835328360650867,-904.507116876958,21,0,0
ROP,WRK,-3.423378980640718,0.03981934242542551,-3.940251928010124,-3.3603871872705398,-3.061256130387914,0.24933106701735466,-870.8557101773898,33,0,0
ROP,WYNN,-3.3873514376774314,0.04377488874783249,-3.940251928010124,-3.3603871872705398,-3.061256130387914,0.2580947212339641,-1327.2579385631711,31,0,0
ROP,XEL,-4.049169955604924,0.006103078368411093,-3.940251928010124,-3.3603871872705398,-3.061256130387914,0.2349643192761062,-662.6680890745052,17,0,0
ROP,XYL,-3.4509439177753536,0.03699898707272803,-3.940251928010124,-3.3603871872705398,-3.061256130387914,0.24420312269592426,-986.0386350933161,25,0,1
ROP,YUM,-3.4702422851677213,0.03512609978480613,-3.940251928010124,-3.3603871872705398,-3.061256130387914,0.23208630155175103,-834.1488070160133,31,0,0
ROP,ZION,-3.4059877997107284,0.04168974896308266,-3.940251928010124,-3.3603871872705398,-3.061256130387914,0.24223573375888777,-879.3816697743566,27,0,0
ROP,ZTS,-3.5009094758452464,0.03231485048073605,-3.940251928010124,-3.3603871872705398,-3.061256130387914,0.23223344381508423,-886.6989966574112,13,0,0
SYY,ROST,-3.6511138156599428,0.02115052373297145,-3.940251928010124,-3.3603871872705398,-3.061256130387914,0.1611574701812606,-24917.07084468242,31,0,0
ROST,TPR,-3.9672721133317026,0.007991362609776308,-3.940251928010124,-3.3603871872705398,-3.061256130387914,0.18080570702058663,-3984.710540946425,29,0,1
V,ROST,-3.7343295795601485,0.016544089450017018,-3.940251928010124,-3.3603871872705398,-3.061256130387914,0.17371677052590884,-2662.8114210333983,27,0,0
WAB,ROST,-3.7332755866743317,0.016596432255781793,-3.940251928010124,-3.3603871872705398,-3.061256130387914,0.14770592192788554,935.0390054969707,29,0,0
WYNN,ROST,-3.4518381130657536,0.03691038529601228,-3.940251928010124,-3.3603871872705398,-3.061256130387914,0.21324803164051817,18.5066908110252,31,0,1
RCL,SJM,-3.6164403125155347,0.023376960008804737,-3.940251928010124,-3.3603871872705398,-3.061256130387914,0.20810180686298735,104.41122332302255,21,0,0
RCL,LUV,-3.9372249401368746,0.008806503564554808,-3.940251928010124,-3.3603871872705398,-3.061256130387914,0.21335468361254434,249.21217003301135,19,0,0
RCL,SBUX,-3.616000153973071,0.023406478721876796,-3.940251928010124,-3.3603871872705398,-3.061256130387914,0.2233155927692246,88.090616418644,24,0,1
RCL,SYY,-3.635549518809522,0.022126078623107344,-3.940251928010124,-3.3603871872705398,-3.061256130387914,0.22507164262978824,9.607743885343496,21,0,0
RCL,TMUS,-3.43928274802469,0.03817091931506877,-3.940251928010124,-3.3603871872705398,-3.061256130387914,0.19888320701730625,223.32531824674803,25,0,0
RCL,TPR,-3.3418901043920735,0.04922707141311176,-3.940251928010124,-3.3603871872705398,-3.061256130387914,0.23529892019428533,827.0702981446442,22,0,1
RCL,TGT,-3.41131607865711,0.04110905747730001,-3.940251928010124,-3.3603871872705398,-3.061256130387914,0.24247015009323422,-568.0558641403874,25,0,1
RCL,TEL,-3.4164877219339354,0.04055191435131629,-3.940251928010124,-3.3603871872705398,-3.061256130387914,0.21982682060163955,889.860322750989,17,0,0
RCL,TXN,-3.554183736331728,0.027884991768805874,-3.940251928010124,-3.3603871872705398,-3.061256130387914,0.21908010534917252,-1931.3752400572243,19,0,0
RCL,TXT,-3.4655508883582278,0.035573869978168235,-3.940251928010124,-3.3603871872705398,-3.061256130387914,0.21726744203887505,241.23956161850145,25,0,0
RCL,TRMB,-3.4188592132118862,0.040298552204158865,-3.940251928010124,-3.3603871872705398,-3.061256130387914,0.23373251216056393,25.36794827884828,24,0,0
RCL,TWTR,-3.6771938612201227,0.019599504413399235,-3.940251928010124,-3.3603871872705398,-3.061256130387914,0.2260326706483152,67.33912927227506,32,0,0
RCL,ULTA,-3.367348001025956,0.04610874468546774,-3.940251928010124,-3.3603871872705398,-3.061256130387914,0.1906785922089234,-629.9122420201156,13,0,1
RCL,UA,-3.3467414595579044,0.048619782042087625,-3.940251928010124,-3.3603871872705398,-3.061256130387914,0.2341483252268042,-611.042991583518,13,0,1
RCL,UNP,-3.73420366470619,0.016550334930635124,-3.940251928010124,-3.3603871872705398,-3.061256130387914,0.16500924419205376,-1861.581246717788,19,0,0
RCL,UAL,-3.431544384338941,0.038965700155259915,-3.940251928010124,-3.3603871872705398,-3.061256130387914,0.24110918214092014,-3998.936999755705,13,0,0
RCL,UHS,-3.4495559513035343,0.037136868933952405,-3.940251928010124,-3.3603871872705398,-3.061256130387914,0.24702785015439807,381.4402694325013,24,0,0
RCL,VTR,-5.142522325633332,8.929296404597194e-05,-3.940251928010124,-3.3603871872705398,-3.061256130387914,0.19952878315180522,311.1023907719821,27,0,0
VRSN,RCL,-3.89702966190276,0.01001339886752573,-3.940251928010124,-3.3603871872705398,-3.061256130387914,0.2070342530963536,312.32918719074956,15,0,0
RCL,V,-4.2861448740427965,0.002690726142743061,-3.940251928010124,-3.3603871872705398,-3.061256130387914,0.15309236098275922,-19905.27580304337,35,0,0
RCL,VMC,-3.3506536388195647,0.048134569605696405,-3.940251928010124,-3.3603871872705398,-3.061256130387914,0.23153972622679309,-6397.387923675414,15,0,0
RCL,WELL,-4.55016137642265,0.0010117302438664797,-3.940251928010124,-3.3603871872705398,-3.061256130387914,0.19917374289185183,22.87704620635801,25,0,0
RCL,WRK,-3.668686140771763,0.0200942112210393,-3.940251928010124,-3.3603871872705398,-3.061256130387914,0.23099709204888338,344.2319311241259,31,0,0
RCL,XYL,-3.3644769614758436,0.04645202562802458,-3.940251928010124,-3.3603871872705398,-3.061256130387914,0.2613394178065048,70.57763285763788,26,0,0
RCL,YUM,-3.4202309741347836,0.04015260342539335,-3.940251928010124,-3.3603871872705398,-3.061256130387914,0.22967867928990476,104.66920615620452,27,0,1
VRSN,SPGI,-3.5339498364967548,0.029502159657638912,-3.940251928010124,-3.3603871872705398,-3.061256130387914,0.24167606637924866,-284.8550565925715,13,0,0
CRM,WMT,-3.619976585853777,0.02314096963463825,-3.940251928010124,-3.3603871872705398,-3.061256130387914,0.20251361817726515,10791.313947005136,17,0,0
VRSN,SBAC,-3.621812696006415,0.023019252890505156,-3.940251928010124,-3.3603871872705398,-3.061256130387914,0.19292291652212437,396.71782587729115,15,0,0
TFX,SLB,-3.823091675490818,0.012624695373869921,-3.940251928010124,-3.3603871872705398,-3.061256130387914,0.19776571257233816,-714.7445804477277,15,0,0
VRSN,SLB,-3.747085721922777,0.015922001589300412,-3.940251928010124,-3.3603871872705398,-3.061256130387914,0.17960873685958487,1453.854173401073,18,0,0
WTW,SLB,-4.529241256121799,0.0010959403838103699,-3.940251928010124,-3.3603871872705398,-3.061256130387914,0.2169458023443183,-1110.8469066735554,29,0,0
SPG,STX,-4.239905874359341,0.0031711195106354827,-3.940251928010124,-3.3603871872705398,-3.061256130387914,0.156104771435195,168.61676993764,25,0,0
STT,STX,-3.365918023468315,0.04627945897879109,-3.940251928010124,-3.3603871872705398,-3.061256130387914,0.2411161309223923,69.58780803128845,24,0,0
TFX,STX,-3.507200662258848,0.03176238196976544,-3.940251928010124,-3.3603871872705398,-3.061256130387914,0.19965294498440683,-1046.1683932635722,21,0,0
USB,STX,-4.109108787177385,0.004988180042433765,-3.940251928010124,-3.3603871872705398,-3.061256130387914,0.22281731526646328,-623.8529563992394,14,0,0
V,STX,-4.233174286023331,0.003247291810526323,-3.940251928010124,-3.3603871872705398,-3.061256130387914,0.19789393886964135,-1932.5171535365657,26,0,1
WAB,STX,-3.355396351893256,0.04755171551442225,-3.940251928010124,-3.3603871872705398,-3.061256130387914,0.21744281310222421,64.71299630181039,34,0,0
WTW,STX,-3.490173844244718,0.03327645309233398,-3.940251928010124,-3.3603871872705398,-3.061256130387914,0.1908486014550771,18437.459259037925,36,0,0
TMUS,SEE,-4.657771361254859,0.0006662683644203986,-3.940251928010124,-3.3603871872705398,-3.061256130387914,0.16578055130615402,-886.5151891327347,15,0,0
VRSN,SEE,-3.6514403415685117,0.021130463963752313,-3.940251928010124,-3.3603871872705398,-3.061256130387914,0.1540619900692979,857.2681041377259,19,0,0
V,SEE,-3.9404183301774056,0.008716459374580912,-3.940251928010124,-3.3603871872705398,-3.061256130387914,0.17488405658400527,-811.3847959023017,45,0,0
WST,SEE,-3.6935376053906075,0.018678869372177245,-3.940251928010124,-3.3603871872705398,-3.061256130387914,0.2217410392615784,-364.0449120388977,13,0,0
SRE,SJM,-4.174648844439403,0.003983910324849573,-3.940251928010124,-3.3603871872705398,-3.061256130387914,0.1470488732131489,27.710236190011994,26,0,0
SRE,SO,-3.506674649884429,0.03180826485225159,-3.940251928010124,-3.3603871872705398,-3.061256130387914,0.20160681567557254,108358.5637995801,31,0,1
VRSN,SRE,-3.5072676453704754,0.03175654322244196,-3.940251928010124,-3.3603871872705398,-3.061256130387914,0.15508772565654144,368.0474574431292,19,0,0
SRE,WM,-3.6243840549849637,0.02284972717200318,-3.940251928010124,-3.3603871872705398,-3.061256130387914,0.19946109559468467,45.96670222157944,31,0,0
SRE,YUM,-3.4968900714322237,0.032672074169863584,-3.940251928010124,-3.3603871872705398,-3.061256130387914,0.17843078251051248,140.72216374815952,17,0,0
NOW,SEDG,-4.100157843501318,0.005141944401921179,-3.940251928010124,-3.3603871872705398,-3.061256130387914,0.21821431267455166,1876.1031650159196,31,0,1
NOW,SO,-3.608806610815369,0.023893490240300828,-3.940251928010124,-3.3603871872705398,-3.061256130387914,0.22045668827842124,-437.6604109426947,15,0,0
NOW,SYK,-3.3671061196970773,0.04613758438187035,-3.940251928010124,-3.3603871872705398,-3.061256130387914,0.21415380949058246,-709.1019867415979,17,0,0
NOW,SYY,-3.493613326077117,0.032965768033124454,-3.940251928010124,-3.3603871872705398,-3.061256130387914,0.22313865216520024,-489.9474814792758,13,0,0
NOW,TGT,-3.634404080342059,0.022199390321458096,-3.940251928010124,-3.3603871872705398,-3.061256130387914,0.20963321758469422,-742.082862438151,19,0,0
NOW,TMO,-4.603814972506027,0.0008226157185024294,-3.940251928010124,-3.3603871872705398,-3.061256130387914,0.23145851834220477,38.90108713269139,31,0,0
NOW,TT,-3.4790045301728174,0.034302530959332826,-3.940251928010124,-3.3603871872705398,-3.061256130387914,0.24365726520871306,-716.1384775961246,13,0,0
NOW,TDG,-3.5378478886012847,0.029184528408069156,-3.940251928010124,-3.3603871872705398,-3.061256130387914,0.23209867016071756,18.086551712939603,21,0,0
NOW,WMT,-3.6802174928728224,0.019426260907923123,-3.940251928010124,-3.3603871872705398,-3.061256130387914,0.2106899418645265,-387.85224386614783,13,0,0
NOW,WRK,-3.387313928369622,0.04377917139449932,-3.940251928010124,-3.3603871872705398,-3.061256130387914,0.22710177211596505,-490.64702832407613,15,0,0
NOW,XYL,-3.9638052701130957,0.008081817816347847,-3.940251928010124,-3.3603871872705398,-3.061256130387914,0.2243071446070795,-505.5921496070297,17,0,0
TROW,SPG,-3.5955337597181756,0.024815068047310634,-3.940251928010124,-3.3603871872705398,-3.061256130387914,0.20728429926674444,2478.472237448575,30,0,0
SPG,TPR,-3.366739033403563,0.04618138089925634,-3.940251928010124,-3.3603871872705398,-3.061256130387914,0.18249452868263108,-663.2307585675464,15,0,0
V,SPG,-3.6930254033850822,0.018707137940675862,-3.940251928010124,-3.3603871872705398,-3.061256130387914,0.19124868891474922,1793.4176881071858,14,0,0
SPG,WDC,-3.7332981703070582,0.016595309197693624,-3.940251928010124,-3.3603871872705398,-3.061256130387914,0.16743939772522318,-1220.0974571268573,23,0,0
WTW,SPG,-5.3301135765553544,3.891953576181905e-05,-3.940251928010124,-3.3603871872705398,-3.061256130387914,0.211929215452945,716.4438139089953,21,0,0
SPG,ZION,-3.8052031495205685,0.0133408906617847,-3.940251928010124,-3.3603871872705398,-3.061256130387914,0.17381124134658674,-308.3003118138141,13,0,0
SWKS,LUV,-3.5410268720287754,0.02892765702023901,-3.940251928010124,-3.3603871872705398,-3.061256130387914,0.2068587304237955,-454.64815882408385,21,0,0
SWKS,SYF,-3.6472432097972627,0.021389573229522826,-3.940251928010124,-3.3603871872705398,-3.061256130387914,0.19487578982034268,-389.7906919872277,19,0,0
SWKS,TROW,-4.076894918644348,0.005561948310514709,-3.940251928010124,-3.3603871872705398,-3.061256130387914,0.16826845850765684,9.845629254512682,41,0,0
SWKS,TSCO,-3.6068599880652656,0.02402677376568615,-3.940251928010124,-3.3603871872705398,-3.061256130387914,0.12045578248621744,8.111189935431483,38,0,0
SWKS,TRV,-3.561348287497533,0.027330865249765957,-3.940251928010124,-3.3603871872705398,-3.061256130387914,0.20811501280474873,59.01800856866711,23,0,0
SWKS,TWTR,-4.010826333198726,0.006930124082163498,-3.940251928010124,-3.3603871872705398,-3.061256130387914,0.17605832475554767,-472.1656878708505,23,0,0
UAL,SWKS,-3.7043167469235225,0.0180925610531576,-3.940251928010124,-3.3603871872705398,-3.061256130387914,0.22323137085969663,-401.40069620626883,23,0,0
VRSN,SWKS,-4.023721246106088,0.006641321138824935,-3.940251928010124,-3.3603871872705398,-3.061256130387914,0.1801845714877787,75.76077974752683,13,0,1
V,SWKS,-3.453280198353059,0.03676787188378384,-3.940251928010124,-3.3603871872705398,-3.061256130387914,0.23725760951531719,142.19810281502438,13,0,1
SWKS,VMC,-4.363130499634147,0.002037229932870552,-3.940251928010124,-3.3603871872705398,-3.061256130387914,0.17530636272091432,12.64636926099042,45,0,0
WMB,SWKS,-3.9678165318562844,0.007977240965899003,-3.940251928010124,-3.3603871872705398,-3.061256130387914,0.18670566288056226,-318.1217366970705,13,0,0
WTW,SWKS,-3.6730109065651564,0.01984139242253561,-3.940251928010124,-3.3603871872705398,-3.061256130387914,0.17177358065932868,113.1280508443549,27,0,0
SWKS,ZBH,-4.05285372288099,0.006028529962386767,-3.940251928010124,-3.3603871872705398,-3.061256130387914,0.17490241536342446,11.453624069913161,25,0,0
SJM,LUV,-3.497043352135918,0.03265839018313131,-3.940251928010124,-3.3603871872705398,-3.061256130387914,0.1760347390710341,420.3677440431053,23,0,0
STT,SJM,-3.521779205068588,0.03051293363663213,-3.940251928010124,-3.3603871872705398,-3.061256130387914,0.13245667156499305,261.1531650022346,16,0,0
SJM,SYY,-3.3513452963418895,0.04804920310966087,-3.940251928010124,-3.3603871872705398,-3.061256130387914,0.15303090346168619,224.44176920946285,17,0,1
SJM,TPR,-3.3718025556905373,0.045580288657068736,-3.940251928010124,-3.3603871872705398,-3.061256130387914,0.1703841714558453,560.1444914712405,15,0,0
SJM,TXT,-3.5108719354130558,0.031443708876209335,-3.940251928010124,-3.3603871872705398,-3.061256130387914,0.16982168393049302,401.02757152567966,35,0,0
SJM,TSN,-3.636978468641839,0.022034915543892065,-3.940251928010124,-3.3603871872705398,-3.061256130387914,0.1593448676300029,490.3352361503162,22,0,1
SJM,USB,-3.558400131607028,0.027557730407743265,-3.940251928010124,-3.3603871872705398,-3.061256130387914,0.16696637794574082,603.4836851151442,23,0,0
VTR,SJM,-3.3967950791020605,0.04270768750205885,-3.940251928010124,-3.3603871872705398,-3.061256130387914,0.1771166815603147,476.48075427713883,28,0,0
VRSN,SJM,-3.5953718347190153,0.024826497592847913,-3.940251928010124,-3.3603871872705398,-3.061256130387914,0.1595330576537728,505.6538026250545,17,0,0
V,SJM,-4.2861731107390115,0.0026904544763885693,-3.940251928010124,-3.3603871872705398,-3.061256130387914,0.17521393059642512,-630.8507156055163,33,0,0
SJM,VMC,-3.373514433375448,0.045378543810517424,-3.940251928010124,-3.3603871872705398,-3.061256130387914,0.17309511201697914,287.11308162709645,15,0,0
SJM,WM,-4.107615391808936,0.005013539844506407,-3.940251928010124,-3.3603871872705398,-3.061256130387914,0.14838191643423804,8.940883094478357,29,0,0
SJM,WELL,-3.6506782913986244,0.02117730544230408,-3.940251928010124,-3.3603871872705398,-3.061256130387914,0.16429239404902404,269.5745551215723,31,0,0
SJM,WRK,-3.573337652828495,0.026424688850478592,-3.940251928010124,-3.3603871872705398,-3.061256130387914,0.1447224788840722,635.5630636263387,37,0,0
WMB,SJM,-3.7497891885944075,0.015792832582299403,-3.940251928010124,-3.3603871872705398,-3.061256130387914,0.1688620323775411,-13021.220161614166,26,0,0
SJM,YUM,-3.5455842548393384,0.028562778822729673,-3.940251928010124,-3.3603871872705398,-3.061256130387914,0.1376643198855913,56.37923032552426,21,0,0
SJM,ZBH,-3.79853232413487,0.013617038275711537,-3.940251928010124,-3.3603871872705398,-3.061256130387914,0.14358082394289146,391.47369496894714,21,0,0
TROW,SNA,-3.554901802332175,0.027829024051509024,-3.940251928010124,-3.3603871872705398,-3.061256130387914,0.17126089906416928,-283.32191012511896,15,0,0
UNH,SNA,-3.357619720536451,0.04728048947481083,-3.940251928010124,-3.3603871872705398,-3.061256130387914,0.16204063871511273,1063.6006697426549,48,0,0
WELL,SNA,-4.087776890025211,0.005361743637383607,-3.940251928010124,-3.3603871872705398,-3.061256130387914,0.15973887315929022,-214.43621209942822,19,0,0
SEDG,TMO,-3.5528264756025876,0.027991043112358314,-3.940251928010124,-3.3603871872705398,-3.061256130387914,0.23172204437698582,275.21673806603485,34,0,0
VRSN,SO,-3.6393879891446863,0.0218819321070543,-3.940251928010124,-3.3603871872705398,-3.061256130387914,0.16971400351520055,1233.0491029131567,17,0,0
V,SO,-3.56142316297043,0.02732512437717239,-3.940251928010124,-3.3603871872705398,-3.061256130387914,0.21032936548155332,-579.3496750346118,19,0,0
STT,LUV,-3.5436660277858447,0.02871587556060961,-3.940251928010124,-3.3603871872705398,-3.061256130387914,0.207865624541312,287.1963115328208,19,0,0
TWTR,LUV,-3.4099044576864395,0.04126223825196593,-3.940251928010124,-3.3603871872705398,-3.061256130387914,0.23897802355416037,17.87444994814147,29,0,0
UAL,LUV,-3.8425324088995403,0.011885217947804505,-3.940251928010124,-3.3603871872705398,-3.061256130387914,0.18722937690639024,22.330940078319564,34,0,1
VTR,LUV,-3.9495328703744264,0.008463984550157084,-3.940251928010124,-3.3603871872705398,-3.061256130387914,0.15428558518575988,24.29351292869163,30,0,0
V,LUV,-4.462115094799214,0.0014124774296386145,-3.940251928010124,-3.3603871872705398,-3.061256130387914,0.17846222632643435,-1201.3405316798132,39,0,0
WELL,LUV,-4.975851480732235,0.00018232027285001838,-3.940251928010124,-3.3603871872705398,-3.061256130387914,0.12049201979041789,198.24413499680492,42,0,0
WTW,LUV,-3.4247725985263235,0.03967254960676941,-3.940251928010124,-3.3603871872705398,-3.061256130387914,0.22413717037927072,-4331.2215262459285,39,0,0
V,SWK,-3.8945041813117163,0.010093948156540893,-3.940251928010124,-3.3603871872705398,-3.061256130387914,0.183465001775773,103.6436931008211,15,0,0
SWK,WHR,-3.969178197814602,0.007942019060655978,-3.940251928010124,-3.3603871872705398,-3.061256130387914,0.1663511962334621,35.16690721138634,17,0,0
SYK,SBUX,-4.860898390942836,0.0002942416859077765,-3.940251928010124,-3.3603871872705398,-3.061256130387914,0.18084513316164932,-631.236900754817,13,0,0
SYY,SBUX,-4.852189266225574,0.0003049649870020408,-3.940251928010124,-3.3603871872705398,-3.061256130387914,0.13100745144033177,1456.5686128534608,30,0,0
TXT,SBUX,-3.3830787843420236,0.04426496659733763,-3.940251928010124,-3.3603871872705398,-3.061256130387914,0.1601581618205395,-6554.3907044172975,16,0,0
UNP,SBUX,-3.7572205004409915,0.015442509338275002,-3.940251928010124,-3.3603871872705398,-3.061256130387914,0.18032577452433413,-874.871389734813,23,0,0
UNH,SBUX,-3.4892320272447077,0.03336195803807986,-3.940251928010124,-3.3603871872705398,-3.061256130387914,0.17499615379944827,-571.0035593259995,17,0,0
UHS,SBUX,-3.4800134369812272,0.03420876019266666,-3.940251928010124,-3.3603871872705398,-3.061256130387914,0.15159609632638252,189.71646607730779,41,0,0
VTR,SBUX,-3.588763687071113,0.025296822415868732,-3.940251928010124,-3.3603871872705398,-3.061256130387914,0.1485254739717974,-890.0980568770273,12,0,0
V,SBUX,-4.250286001657628,0.003056875906047826,-3.940251928010124,-3.3603871872705398,-3.061256130387914,0.18584525666063473,-1542.0362631945848,17,0,0
WAB,SBUX,-3.8200131477438775,0.012745465525833987,-3.940251928010124,-3.3603871872705398,-3.061256130387914,0.1787932584335376,416.8663552301271,20,0,0
YUM,SBUX,-3.54324756331239,0.02874936693583828,-3.940251928010124,-3.3603871872705398,-3.061256130387914,0.15179361463060378,55.57980241842051,15,0,1
ZBH,SBUX,-4.3389018159675015,0.0022250566570171672,-3.940251928010124,-3.3603871872705398,-3.061256130387914,0.17784687799828944,-857.7879337551509,25,0,0
STT,SYF,-3.3802812156572157,0.044588313643805666,-3.940251928010124,-3.3603871872705398,-3.061256130387914,0.1949695198544791,1046.9112491460764,34,0,1
STT,TROW,-3.82153502219447,0.012685635182533244,-3.940251928010124,-3.3603871872705398,-3.061256130387914,0.20297668055234125,-294.31106263758073,15,0,1
STT,TPR,-3.58385394039838,0.025651214578935162,-3.940251928010124,-3.3603871872705398,-3.061256130387914,0.2067414540666112,514.2344250587249,26,0,0
STT,TFX,-4.02735651154207,0.0065618938092730375,-3.940251928010124,-3.3603871872705398,-3.061256130387914,0.19475759664828748,-740.0933226165598,23,0,0
STT,TXT,-3.7976467037950186,0.013654077357389764,-3.940251928010124,-3.3603871872705398,-3.061256130387914,0.1790025207665542,282.45099708820567,21,0,0
STT,TSN,-3.7315657655563044,0.016681653667973348,-3.940251928010124,-3.3603871872705398,-3.061256130387914,0.16046941954638633,20.47564712997461,22,0,0
STT,USB,-3.379493640950307,0.044679695668472345,-3.940251928010124,-3.3603871872705398,-3.061256130387914,0.20718544882030981,689.7538026187515,26,0,1
STT,UAA,-3.4373414579128383,0.038369012286968665,-3.940251928010124,-3.3603871872705398,-3.061256130387914,0.1989330035938526,-2581.775063743878,37,0,0
STT,UA,-3.380770639164654,0.04453160422792947,-3.940251928010124,-3.3603871872705398,-3.061256130387914,0.19580597403157643,-1505.5416592313754,31,0,0
STT,UAL,-3.496443222755916,0.03271199391884243,-3.940251928010124,-3.3603871872705398,-3.061256130387914,0.1914504828424819,349.27211251261934,27,0,0
STT,UNH,-3.407708142918648,0.0415015170642183,-3.940251928010124,-3.3603871872705398,-3.061256130387914,0.1530303805978845,-487.00577317211315,13,0,0
V,STT,-4.004670349740916,0.007071958753196432,-3.940251928010124,-3.3603871872705398,-3.061256130387914,0.1941518933470281,-767.7049678961612,35,0,0
STT,WAT,-3.68774667328691,0.019000656218828387,-3.940251928010124,-3.3603871872705398,-3.061256130387914,0.2598394820986402,-325.7028013036002,15,0,0
STT,WELL,-3.868947253763632,0.010942233585859865,-3.940251928010124,-3.3603871872705398,-3.061256130387914,0.1791298165372967,42.55704323182157,33,0,0
WMB,STT,-3.9435030556048223,0.008630264831714703,-3.940251928010124,-3.3603871872705398,-3.061256130387914,0.18466080926828896,-764.4231339784485,15,0,0
WTW,STT,-4.942141772928145,0.00021004104370336922,-3.940251928010124,-3.3603871872705398,-3.061256130387914,0.24747143841905161,-1770.2918328109038,29,0,1
STT,YUM,-3.3809340538834887,0.04451268273637649,-3.940251928010124,-3.3603871872705398,-3.061256130387914,0.17068540733281568,1117.3447041530558,33,0,0
STT,ZION,-3.3720916787234603,0.045546163408187755,-3.940251928010124,-3.3603871872705398,-3.061256130387914,0.19660991578047557,747.7736122476775,24,0,1
UNH,STE,-3.3745015858676624,0.04526254483224109,-3.940251928010124,-3.3603871872705398,-3.061256130387914,0.15538715885806453,-652.8863792847061,15,0,1
VFC,STE,-3.5660413114194243,0.02697303324621796,-3.940251928010124,-3.3603871872705398,-3.061256130387914,0.20844433287603067,-768.9403321853188,23,0,0
V,STE,-3.6111234720890883,0.023735689312429562,-3.940251928010124,-3.3603871872705398,-3.061256130387914,0.23828633159946547,125.99007818629102,12,0,0
TGT,SYK,-3.972946804347482,0.00784526598989832,-3.940251928010124,-3.3603871872705398,-3.061256130387914,0.18670267930881168,184.64251526087162,24,0,0
TYL,SYK,-3.632517888705183,0.022320571307060763,-3.940251928010124,-3.3603871872705398,-3.061256130387914,0.1852437724871761,-9839.853988732031,21,0,0
UHS,SYK,-3.717040542847958,0.017421246862104424,-3.940251928010124,-3.3603871872705398,-3.061256130387914,0.1883396476213622,-695.2855327402705,19,0,1
SYK,XYL,-3.4664724997319003,0.03548552859247393,-3.940251928010124,-3.3603871872705398,-3.061256130387914,0.17719964088000556,-665.5455292124451,17,0,0
ULTA,SIVB,-3.933833253963271,0.00890305238306199,-3.940251928010124,-3.3603871872705398,-3.061256130387914,0.19859246154568555,-112.97737572840019,13,0,0
ZBRA,SIVB,-3.4633974443910884,0.03578101277240902,-3.940251928010124,-3.3603871872705398,-3.061256130387914,0.19993947606748647,26.784614521086365,19,0,0
SYY,SYF,-3.881527558394194,0.010517033157183634,-3.940251928010124,-3.3603871872705398,-3.061256130387914,0.13955859087411332,-5769.219888974103,23,0,0
SYF,UAA,-3.777258196831136,0.014531776361748704,-3.940251928010124,-3.3603871872705398,-3.061256130387914,0.19837667174712936,-551.3630878161619,27,0,0
VTR,SYF,-3.483800258470392,0.033858734141863675,-3.940251928010124,-3.3603871872705398,-3.061256130387914,0.19098192874695938,408.05091692209527,28,0,0
VRSN,SYF,-3.844360303463139,0.011817709658848359,-3.940251928010124,-3.3603871872705398,-3.061256130387914,0.17365858818271535,814.6112839182381,15,0,0
V,SYF,-3.8254728055725975,0.01253198132384682,-3.940251928010124,-3.3603871872705398,-3.061256130387914,0.18994113398893508,-960.6544679001842,45,0,0
SYF,VMC,-3.5513077230538506,0.02811012205678788,-3.940251928010124,-3.3603871872705398,-3.061256130387914,0.1615195786976665,-488.30778793784174,17,0,0
WELL,SYF,-3.491501013964775,0.033156278346646945,-3.940251928010124,-3.3603871872705398,-3.061256130387914,0.1928121724941353,4726.853246865165,29,0,0
SYF,WRK,-3.3710797332114155,0.04566569627425065,-3.940251928010124,-3.3603871872705398,-3.061256130387914,0.15772787988182588,132.92576639831134,16,0,0
TMUS,SNPS,-3.862661374359671,0.011160376810518815,-3.940251928010124,-3.3603871872705398,-3.061256130387914,0.2490036318133835,-735.1343298379114,15,0,0
TJX,SNPS,-3.723702332171467,0.01707854875863756,-3.940251928010124,-3.3603871872705398,-3.061256130387914,0.21466535797254876,-583.9194003016802,13,0,0
TDG,SNPS,-3.558833682180402,0.02752426714297813,-3.940251928010124,-3.3603871872705398,-3.061256130387914,0.21738392962837036,-575.952045255636,13,0,0
SNPS,UHS,-3.3495136759393196,0.04827554046112845,-3.940251928010124,-3.3603871872705398,-3.061256130387914,0.22507254011351685,-5229.335671016826,15,0,0
WAB,SNPS,-3.5854379048187877,0.025536418007259382,-3.940251928010124,-3.3603871872705398,-3.061256130387914,0.2138888172341455,-726.6310245882207,17,0,0
SNPS,XYL,-3.3968113716145374,0.04270586522554373,-3.940251928010124,-3.3603871872705398,-3.061256130387914,0.22706539543513463,-852.5497398141026,25,0,0
SYY,TXN,-3.963660535945704,0.008085614101711845,-3.940251928010124,-3.3603871872705398,-3.061256130387914,0.17383554932576006,-457.06859167293715,15,0,0
TJX,SYY,-3.884310565993371,0.010424986359780293,-3.940251928010124,-3.3603871872705398,-3.061256130387914,0.15105037452991193,71.39630111067166,17,0,0
SYY,TRMB,-4.171512307851336,0.0040274056199008515,-3.940251928010124,-3.3603871872705398,-3.061256130387914,0.16139380245580276,38.097674386032324,19,0,0
SYY,TWTR,-3.3821956572758993,0.04436682862572194,-3.940251928010124,-3.3603871872705398,-3.061256130387914,0.2066299611164153,94.30104031663787,25,0,0
UNP,SYY,-3.8828477892124686,0.010473277031955512,-3.940251928010124,-3.3603871872705398,-3.061256130387914,0.17644588782357537,-653.2651927446589,17,0,0
VTR,SYY,-4.513969963939505,0.0011615020893908528,-3.940251928010124,-3.3603871872705398,-3.061256130387914,0.10099475826241408,836.4276348863066,20,0,0
VRSN,SYY,-3.8202102939022744,0.012737700921959392,-3.940251928010124,-3.3603871872705398,-3.061256130387914,0.16773834661802212,505.5700185243756,15,0,0
V,SYY,-4.095205312668109,0.005228863627277865,-3.940251928010124,-3.3603871872705398,-3.061256130387914,0.19336243471721593,-1016.624265359022,33,0,0
WELL,SYY,-3.354806276932243,0.04762391348917393,-3.940251928010124,-3.3603871872705398,-3.061256130387914,0.1512029375339565,39.33636403093707,22,0,0
SYY,WRK,-4.095205307681958,0.005228863715455978,-3.940251928010124,-3.3603871872705398,-3.061256130387914,0.1557702192598865,1407.2822455765508,45,0,0
SYY,XYL,-3.5595333630832577,0.027470336264374465,-3.940251928010124,-3.3603871872705398,-3.061256130387914,0.2135225046836625,1054.827501345755,29,0,0
SYY,YUM,-3.7767498027240194,0.014554284284278084,-3.940251928010124,-3.3603871872705398,-3.061256130387914,0.1941992807548235,586.4354549836715,28,0,0
TMUS,TMO,-3.635089489209988,0.022155496725875044,-3.940251928010124,-3.3603871872705398,-3.061256130387914,0.23595410737190842,-687.3631280226163,15,0,0
UNP,TMUS,-3.4274540463372434,0.03939138179644228,-3.940251928010124,-3.3603871872705398,-3.061256130387914,0.15549239927346115,-957.2284108728759,23,0,0
TMUS,UHS,-3.7992011068235354,0.013589126871734159,-3.940251928010124,-3.3603871872705398,-3.061256130387914,0.1530391418521568,8.847370395721232,30,0,0
TMUS,VFC,-4.550405185905908,0.0010107855225035128,-3.940251928010124,-3.3603871872705398,-3.061256130387914,0.12964051991447606,913.1609523314787,41,0,0
V,TMUS,-3.6724178550817212,0.01987589649544809,-3.940251928010124,-3.3603871872705398,-3.061256130387914,0.17045952352753074,-2013.458377532179,27,0,0
TMUS,WAB,-3.6064693870401636,0.024053595040945737,-3.940251928010124,-3.3603871872705398,-3.061256130387914,0.13172554888985974,1117.7955989304999,30,0,0
TMUS,XYL,-3.8069308924469025,0.013270181656149179,-3.940251928010124,-3.3603871872705398,-3.061256130387914,0.1879338463838579,239.3607953270614,22,0,0
TMUS,YUM,-3.5575835738184773,0.027620850459961658,-3.940251928010124,-3.3603871872705398,-3.061256130387914,0.18117178279167495,140.33479094475936,18,0,0
TROW,TXN,-3.4837379370558894,0.03386447004647102,-3.940251928010124,-3.3603871872705398,-3.061256130387914,0.19309991984209063,22.907986909128475,14,0,0
TROW,TXT,-3.8711712038056416,0.010865969340330408,-3.940251928010124,-3.3603871872705398,-3.061256130387914,0.21945375789070704,-499.6394286106675,19,0,0
TROW,TRV,-3.592079620944162,0.025059865577658984,-3.940251928010124,-3.3603871872705398,-3.061256130387914,0.22135401513151165,100.3974422293646,33,0,1
TROW,TFC,-3.380183287179316,0.04459966779609646,-3.940251928010124,-3.3603871872705398,-3.061256130387914,0.21152995045803943,-376.00024620193943,15,0,1
TROW,TWTR,-4.018684491909507,0.006752806760237486,-3.940251928010124,-3.3603871872705398,-3.061256130387914,0.21162878153662903,-603.3085784953349,25,0,0
UAL,TROW,-3.456702296434709,0.03643153796475212,-3.940251928010124,-3.3603871872705398,-3.061256130387914,0.21033022288409017,-428.50139773218706,19,0,0
V,TROW,-3.6983569489453805,0.018414710583359587,-3.940251928010124,-3.3603871872705398,-3.061256130387914,0.23971307342808243,334.8763288825009,19,0,0
TROW,VMC,-3.815438375617317,0.012926825486182878,-3.940251928010124,-3.3603871872705398,-3.061256130387914,0.17142714394108044,9.96160619848844,22,0,0
WAB,TROW,-3.364835630463488,0.04640902544114522,-3.940251928010124,-3.3603871872705398,-3.061256130387914,0.21605080123738585,-399.9341246792145,15,0,0
TROW,WAT,-4.424710230489884,0.0016239484954753884,-3.940251928010124,-3.3603871872705398,-3.061256130387914,0.22856668874755304,-745.9350343922841,16,0,0
WTW,TROW,-4.670455267128479,0.000633810184841977,-3.940251928010124,-3.3603871872705398,-3.061256130387914,0.22630660082152637,225.57998207277453,15,0,1
ZBH,TROW,-3.7851607776186724,0.014185837544859282,-3.940251928010124,-3.3603871872705398,-3.061256130387914,0.18672518717727601,8.91205406473436,25,0,0
TFC,TPR,-4.311685183198134,0.0024550815958677627,-3.940251928010124,-3.3603871872705398,-3.061256130387914,0.17206244637272286,271.8420693215716,15,0,0
TWTR,TPR,-3.727493173082803,0.016886189572079987,-3.940251928010124,-3.3603871872705398,-3.061256130387914,0.250365779571031,344.8231372972139,22,0,0
VTR,TPR,-3.3443545825309244,0.048917793272214884,-3.940251928010124,-3.3603871872705398,-3.061256130387914,0.2076619092225005,289.2102724287366,14,0,0
V,TPR,-4.043272115732959,0.0062241740084777696,-3.940251928010124,-3.3603871872705398,-3.061256130387914,0.18753091000029543,-1431.0674262137018,33,0,0
WAB,TPR,-3.3527850261392906,0.047871908013102905,-3.940251928010124,-3.3603871872705398,-3.061256130387914,0.23337904014998095,1618.5843870263081,20,0,0
WELL,TPR,-3.7044810746816066,0.018083748789517906,-3.940251928010124,-3.3603871872705398,-3.061256130387914,0.17865265998711338,588.3817988581021,18,0,0
TXN,TGT,-3.4525101191744825,0.036843916850927264,-3.940251928010124,-3.3603871872705398,-3.061256130387914,0.17592556068033502,21.636006359091404,15,0,0
TT,TGT,-3.395445070056033,0.04285890783601838,-3.940251928010124,-3.3603871872705398,-3.061256130387914,0.25591929776487005,164.62615531397182,23,0,0
UHS,TGT,-3.8318195538297566,0.012287802595313545,-3.940251928010124,-3.3603871872705398,-3.061256130387914,0.22238235580770888,-1363.6408530804783,15,0,0
VFC,TGT,-3.433229192553599,0.03879148730838513,-3.940251928010124,-3.3603871872705398,-3.061256130387914,0.21716946223590544,-293.39602719741475,17,0,1
UHS,TEL,-3.3522846177524825,0.047933469313238754,-3.940251928010124,-3.3603871872705398,-3.061256130387914,0.1806766334793235,34.98145798883623,17,0,0
ZBH,TEL,-3.65131001601858,0.021138468391735842,-3.940251928010124,-3.3603871872705398,-3.061256130387914,0.12272341301913457,338.48802646520596,16,0,0
TYL,TDY,-3.398107163161798,0.04256114151387358,-3.940251928010124,-3.3603871872705398,-3.061256130387914,0.17008827894300052,29.399455778757154,20,0,0
TFX,TXT,-3.399109583771086,0.042449464241447944,-3.940251928010124,-3.3603871872705398,-3.061256130387914,0.19447081824146478,-941.9863929723667,25,0,0
TFX,TSN,-4.171645330448283,0.004025552167868831,-3.940251928010124,-3.3603871872705398,-3.061256130387914,0.1933332078469129,-727.7530843175432,21,0,0
VRSN,TFX,-3.5706376662655157,0.026626475660039225,-3.940251928010124,-3.3603871872705398,-3.061256130387914,0.1866076190670651,-360.6883246573913,13,0,0
TFX,WFC,-3.640535358613603,0.02180940849029288,-3.940251928010124,-3.3603871872705398,-3.061256130387914,0.19516611777317752,-780.4246203140016,19,0,0
WMB,TFX,-3.7802751086697692,0.014398840794241015,-3.940251928010124,-3.3603871872705398,-3.061256130387914,0.20135638589577842,-683.0034883196412,15,0,0
WTW,TFX,-3.3926112969999673,0.043177781741487495,-3.940251928010124,-3.3603871872705398,-3.061256130387914,0.1972141900659648,-823.589137913837,29,0,0
V,TER,-3.398733616186616,0.04249132123107254,-3.940251928010124,-3.3603871872705398,-3.061256130387914,0.24835348039985733,915.8562669732175,12,0,1
TXN,TRV,-3.5584839154755135,0.027551260898468675,-3.940251928010124,-3.3603871872705398,-3.061256130387914,0.18620136631640158,137.5879904973649,21,0,0
UNP,TXN,-3.7824856655865156,0.014302118621868039,-3.940251928010124,-3.3603871872705398,-3.061256130387914,0.18511831996350833,274.7909876717188,32,0,0
UHS,TXN,-3.43335553580558,0.038778449518737164,-3.940251928010124,-3.3603871872705398,-3.061256130387914,0.18393908174262644,264.04958328278326,21,0,0
VTR,TXN,-3.587503340332068,0.02538739146104404,-3.940251928010124,-3.3603871872705398,-3.061256130387914,0.17421753628016157,-451.4996781378306,15,0,0
VMC,TXN,-4.198344953678511,0.0036689507443380194,-3.940251928010124,-3.3603871872705398,-3.061256130387914,0.1781294590882266,22.730974859773685,25,0,0
WRK,TXN,-3.9945205291099346,0.007311543388723183,-3.940251928010124,-3.3603871872705398,-3.061256130387914,0.17279813385914036,-475.9097079847361,13,0,0
ZBH,TXN,-4.8203412465100035,0.00034741788679611406,-3.940251928010124,-3.3603871872705398,-3.061256130387914,0.1718708835522874,19.84479192589629,27,0,0
TJX,TXT,-3.351087140911786,0.04808105081762901,-3.940251928010124,-3.3603871872705398,-3.061256130387914,0.15473660986059223,189.14560805317038,31,0,0
TRMB,TXT,-4.044463545002633,0.006199537313633917,-3.940251928010124,-3.3603871872705398,-3.061256130387914,0.1482170480925471,-841.1399232860449,17,0,0
VTR,TXT,-3.850330682724271,0.011599579119135978,-3.940251928010124,-3.3603871872705398,-3.061256130387914,0.1402511239982804,20.571299990260197,34,0,0
V,TXT,-4.726032697648294,0.000508355296248605,-3.940251928010124,-3.3603871872705398,-3.061256130387914,0.16802182512769623,-1313.8711021966924,37,0,0
WAB,TXT,-3.997293892624285,0.007245361989022304,-3.940251928010124,-3.3603871872705398,-3.061256130387914,0.1685071992944083,864.9021237546223,34,0,1
WELL,TXT,-5.172416703801845,7.837199863298602e-05,-3.940251928010124,-3.3603871872705398,-3.061256130387914,0.08315783201731314,202.41186684563422,46,0,0
TXT,YUM,-3.766998415161059,0.014991996883176586,-3.940251928010124,-3.3603871872705398,-3.061256130387914,0.16740253051234918,1492.040962544971,34,0,0
ZBH,TXT,-3.4733330606032533,0.034833709272145415,-3.940251928010124,-3.3603871872705398,-3.061256130387914,0.17236077762649255,-682.6012771184182,21,0,0
TJX,UAA,-3.6798701680962087,0.019446093285449075,-3.940251928010124,-3.3603871872705398,-3.061256130387914,0.1860104057508661,-1200.1208513100523,27,0,1
TJX,UA,-3.75892065451776,0.015363329748805906,-3.940251928010124,-3.3603871872705398,-3.061256130387914,0.1821064216730653,-871.7638725611749,23,0,1
VRSN,TJX,-3.618708007516312,0.02322538915223331,-3.940251928010124,-3.3603871872705398,-3.061256130387914,0.13262545767114306,651.7671484523722,15,0,0
V,TJX,-3.7221238738928335,0.01715920958456558,-3.940251928010124,-3.3603871872705398,-3.061256130387914,0.18794748104621045,-807.7521061328887,43,0,0
WAB,TJX,-4.229826750539731,0.0032857940585833147,-3.940251928010124,-3.3603871872705398,-3.061256130387914,0.14976957073184835,111.46785755542206,25,0,0
TJX,YUM,-3.6247700733279706,0.02282437107472951,-3.940251928010124,-3.3603871872705398,-3.061256130387914,0.16904384050671056,-3158.33463580225,24,0,1
VRSN,TSCO,-3.579857157597487,0.025942853423527232,-3.940251928010124,-3.3603871872705398,-3.061256130387914,0.17668364324102157,86.5828411823041,23,0,0
V,TSCO,-4.2152905901306825,0.0034578968849862312,-3.940251928010124,-3.3603871872705398,-3.061256130387914,0.18193492266450062,167.18391092663728,21,0,0
WTW,TSCO,-3.7196825241887588,0.01728462277709645,-3.940251928010124,-3.3603871872705398,-3.061256130387914,0.18664827506785886,148.28612981731968,41,0,0
TWTR,TT,-3.481193795592779,0.03409932954788744,-3.940251928010124,-3.3603871872705398,-3.061256130387914,0.25427672566344667,-337.55343798357603,17,0,0
VMC,TT,-3.347041081110749,0.048582479062504326,-3.940251928010124,-3.3603871872705398,-3.061256130387914,0.2164773521130758,30.533965357898396,27,0,0
TRV,TRMB,-3.482097154297817,0.034015779695384545,-3.940251928010124,-3.3603871872705398,-3.061256130387914,0.19651539433019447,4028.259724140789,33,0,0
VRSN,TRV,-3.855261337544505,0.011422143538819575,-3.940251928010124,-3.3603871872705398,-3.061256130387914,0.1984677445532772,166.96381493954294,13,0,0
V,TRV,-3.8900170816092037,0.010238491943050024,-3.940251928010124,-3.3603871872705398,-3.061256130387914,0.2231918294268725,1836.9500304975104,20,0,0
WTW,TRV,-4.03751533021428,0.006344468473285594,-3.940251928010124,-3.3603871872705398,-3.061256130387914,0.26282444050717313,554.9400217739059,21,0,1
TWTR,TRMB,-3.4487931028952086,0.03721283494020856,-3.940251928010124,-3.3603871872705398,-3.061256130387914,0.24994508541954352,82.81319117544547,19,0,0
V,TRMB,-4.15718136734834,0.004231717967733029,-3.940251928010124,-3.3603871872705398,-3.061256130387914,0.18545882111848044,-4527.046390384008,17,0,1
WAB,TRMB,-3.944114385882725,0.008613273956796945,-3.940251928010124,-3.3603871872705398,-3.061256130387914,0.15286362268140302,69.64348363283268,15,0,0
WAT,TRMB,-4.05795929432584,0.005926573361699888,-3.940251928010124,-3.3603871872705398,-3.061256130387914,0.250165536041331,-506.2081984356198,13,0,0
ZBH,TRMB,-3.9849151045371047,0.007544995732664745,-3.940251928010124,-3.3603871872705398,-3.061256130387914,0.16913662266114315,-1776.7487488173977,51,0,0
TWTR,TFC,-4.058720761684285,0.005911501851282057,-3.940251928010124,-3.3603871872705398,-3.061256130387914,0.22479557171961445,17.878280635598607,13,0,0
TFC,UAA,-4.669762388381904,0.0006355441394464121,-3.940251928010124,-3.3603871872705398,-3.061256130387914,0.16971048294397467,-968.055235047046,21,0,0
TFC,UA,-4.341473759409256,0.00220438376603716,-3.940251928010124,-3.3603871872705398,-3.061256130387914,0.17408130635587754,-671.3534577897258,17,0,0
V,TFC,-3.708569221946706,0.017865722513100084,-3.940251928010124,-3.3603871872705398,-3.061256130387914,0.199566229405386,-879.0359152962146,39,0,0
WELL,TFC,-3.539795296921253,0.029026941797879017,-3.940251928010124,-3.3603871872705398,-3.061256130387914,0.17259463260571486,328.8483823920499,29,0,0
WTW,TFC,-4.909973647606109,0.00024019708111628723,-3.940251928010124,-3.3603871872705398,-3.061256130387914,0.23361241253176648,-1890.7868428363824,23,0,1
UNP,TWTR,-3.517708235548422,0.03085754886524112,-3.940251928010124,-3.3603871872705398,-3.061256130387914,0.20908126767157006,-1021.1215821310407,21,0,0
UAL,TWTR,-3.3482084932902176,0.048437360943076484,-3.940251928010124,-3.3603871872705398,-3.061256130387914,0.24523535986916423,30.76218059168657,23,0,0
VTR,TWTR,-3.5911211583936633,0.025128160145538227,-3.940251928010124,-3.3603871872705398,-3.061256130387914,0.22571633632163907,27.056085064596655,17,0,0
VRSN,TWTR,-3.9239687692948126,0.00918927756721123,-3.940251928010124,-3.3603871872705398,-3.061256130387914,0.1644036822178215,537.2773328010531,13,0,0
V,TWTR,-3.9070078540830755,0.00970073905740253,-3.940251928010124,-3.3603871872705398,-3.061256130387914,0.19960499751797448,-1738.8574612345296,29,0,0
TWTR,VMC,-3.939496207386354,0.008742375277947809,-3.940251928010124,-3.3603871872705398,-3.061256130387914,0.16893186240713576,-895.5740140691767,21,0,0
TWTR,WELL,-3.700244629290122,0.018312136019084414,-3.940251928010124,-3.3603871872705398,-3.061256130387914,0.22199102110532662,55.746806631460196,13,0,0
WTW,TWTR,-3.631098859487621,0.022412116163788538,-3.940251928010124,-3.3603871872705398,-3.061256130387914,0.18506137343526816,25330.186818610713,27,0,0
TWTR,ZBH,-3.64973607211167,0.021235346172052368,-3.940251928010124,-3.3603871872705398,-3.061256130387914,0.21527772701670359,-939.0740033580746,31,0,0
TSN,UDR,-3.7194750006278823,0.017295320304825872,-3.940251928010124,-3.3603871872705398,-3.061256130387914,0.16388305950752466,-2866.0710251241235,25,0,0
VRSN,TSN,-3.533661475875187,0.029525773395577826,-3.940251928010124,-3.3603871872705398,-3.061256130387914,0.16264695790511824,733.7719900444814,13,0,0
V,TSN,-4.319577803396228,0.0023862105882160077,-3.940251928010124,-3.3603871872705398,-3.061256130387914,0.1784809512717666,-742.8604912042763,29,0,0
TSN,WFC,-3.8343460183356557,0.012191783272047134,-3.940251928010124,-3.3603871872705398,-3.061256130387914,0.16372902839846593,2153.363731105878,42,0,0
WMB,TSN,-4.531790533652256,0.0010853388948761612,-3.940251928010124,-3.3603871872705398,-3.061256130387914,0.16201219111845924,-756.5213596770595,29,0,0
WTW,TSN,-5.552822368824605,1.4019595327178321e-05,-3.940251928010124,-3.3603871872705398,-3.061256130387914,0.22139992318822793,-1415.113294756167,37,0,0
V,USB,-4.064067044588568,0.0058066595619810065,-3.940251928010124,-3.3603871872705398,-3.061256130387914,0.18555590181391668,-915.3381424486664,33,0,0
WELL,USB,-3.622002887543287,0.023006676700008718,-3.940251928010124,-3.3603871872705398,-3.061256130387914,0.17328778194099853,430.3663200254256,31,0,0
WTW,USB,-4.198989757017899,0.003660708410253699,-3.940251928010124,-3.3603871872705398,-3.061256130387914,0.2301460387548723,-1968.0016488494728,29,0,1
VRSN,UDR,-3.56411722894367,0.027119250941436773,-3.940251928010124,-3.3603871872705398,-3.061256130387914,0.1771877274551779,1310.0773684954268,17,0,0
V,UDR,-3.5956614283169324,0.024806059701793226,-3.940251928010124,-3.3603871872705398,-3.061256130387914,0.18616858354058374,-656.9810692811145,13,0,0
VNO,UDR,-4.009693793629408,0.006956023462910231,-3.940251928010124,-3.3603871872705398,-3.061256130387914,0.15425384150392887,5.828976040332954,49,0,1
UDR,WBA,-3.54262860927562,0.028798965509908542,-3.940251928010124,-3.3603871872705398,-3.061256130387914,0.2001773116989714,47.918607749467874,28,0,0
UDR,WFC,-3.9523343173495404,0.00838771466734207,-3.940251928010124,-3.3603871872705398,-3.061256130387914,0.18022356545803045,121.62605497379849,15,0,0
ULTA,ZBRA,-3.506993444499458,0.03178045039184197,-3.940251928010124,-3.3603871872705398,-3.061256130387914,0.19161170343579664,-272.8152133955942,13,0,0
VTR,UAA,-3.5403608296175118,0.028981314663984094,-3.940251928010124,-3.3603871872705398,-3.061256130387914,0.20378240779836443,-901.7302066962363,19,0,0
VRSN,UAA,-3.859079044559759,0.011286422373655135,-3.940251928010124,-3.3603871872705398,-3.061256130387914,0.17587396419278498,1344.2763634762375,15,0,0
V,UAA,-3.901266492948145,0.00987955649782748,-3.940251928010124,-3.3603871872705398,-3.061256130387914,0.19263217298481386,-793.1067953658751,25,0,0
VMC,UAA,-3.6061843485028158,0.024073183997656296,-3.940251928010124,-3.3603871872705398,-3.061256130387914,0.16427603769509244,-444.6308158103403,13,0,0
WELL,UAA,-3.6562527584557696,0.0208367293910348,-3.940251928010124,-3.3603871872705398,-3.061256130387914,0.1868592935978734,-777.1601803967009,19,0,0
VTR,UA,-3.5294721046671262,0.029870663264254447,-3.940251928010124,-3.3603871872705398,-3.061256130387914,0.20405896191404524,-628.3460340336145,19,0,0
VRSN,UA,-3.859535415857688,0.011270294638979899,-3.940251928010124,-3.3603871872705398,-3.061256130387914,0.1748311267531072,1540.1340169204248,18,0,0
V,UA,-3.8790302971489616,0.010600245740106434,-3.940251928010124,-3.3603871872705398,-3.061256130387914,0.1914951148372914,-750.4385050233002,29,0,0
VMC,UA,-3.5124091142368705,0.031311088808927065,-3.940251928010124,-3.3603871872705398,-3.061256130387914,0.1646828551631621,-427.0820552598075,13,0,0
WELL,UA,-3.6143061652429758,0.02352038485803693,-3.940251928010124,-3.3603871872705398,-3.061256130387914,0.1865132447578635,-622.0128829002683,25,0,0
UNP,VTR,-3.7792680820917828,0.014443094021492204,-3.940251928010124,-3.3603871872705398,-3.061256130387914,0.17118889696112852,-650.6385540108123,13,0,0
VRSN,UNP,-3.7512767243440677,0.015722153419860194,-3.940251928010124,-3.3603871872705398,-3.061256130387914,0.17142399402246852,26.522422392545018,15,0,0
V,UNP,-3.8405376919485352,0.011959278305219366,-3.940251928010124,-3.3603871872705398,-3.061256130387914,0.16982894644457888,25.486091547982564,19,0,0
UNP,VMC,-3.3894273298283686,0.043538415165543694,-3.940251928010124,-3.3603871872705398,-3.061256130387914,0.2195050654832994,537.4840914976639,20,0,0
UNP,WHR,-4.271949769905827,0.002830545601350379,-3.940251928010124,-3.3603871872705398,-3.061256130387914,0.18558218238102725,30.32609697537897,25,0,0
XYL,UNP,-3.864423443501676,0.011098839055132264,-3.940251928010124,-3.3603871872705398,-3.061256130387914,0.19227809053463807,-808.7397562718676,25,0,1
UNP,ZBH,-3.81457178473166,0.012961436698319288,-3.940251928010124,-3.3603871872705398,-3.061256130387914,0.1637910984988902,629.4687636319873,22,0,0
VTR,UAL,-3.737127810548226,0.01640582784241304,-3.940251928010124,-3.3603871872705398,-3.061256130387914,0.16797637073962154,19.37227701716585,22,0,0
V,UAL,-4.298803313443939,0.002571443476865377,-3.940251928010124,-3.3603871872705398,-3.061256130387914,0.18793036346107372,-1023.7516479060313,39,0,0
UAL,WELL,-4.521130535873609,0.0011303173342621417,-3.940251928010124,-3.3603871872705398,-3.061256130387914,0.15255947727931377,259.3761446730288,43,0,0
WTW,UAL,-5.151348339357758,8.592563904888316e-05,-3.940251928010124,-3.3603871872705398,-3.061256130387914,0.2297056859066383,-2845.585261013682,29,0,0
UAL,ZBH,-3.5517138687326413,0.028078235497165288,-3.940251928010124,-3.3603871872705398,-3.061256130387914,0.2342574054961709,-548.4358269107992,27,0,0
UHS,UNH,-3.661929059440248,0.020494833671528295,-3.940251928010124,-3.3603871872705398,-3.061256130387914,0.15773403753581589,-573.8551380514346,25,0,1
V,UNH,-4.002461846055195,0.0071234783671953565,-3.940251928010124,-3.3603871872705398,-3.061256130387914,0.19423748238714914,-495.3496383455696,15,0,0
UNH,WRK,-3.7334553947814637,0.0165874924541501,-3.940251928010124,-3.3603871872705398,-3.061256130387914,0.16932208913115795,-557.6132832423843,19,0,0
UNH,YUM,-4.497031238731617,0.0012384991989914333,-3.940251928010124,-3.3603871872705398,-3.061256130387914,0.15422686092800472,-486.52428258880883,19,0,0
V,UHS,-3.981684008483844,0.007625022236588641,-3.940251928010124,-3.3603871872705398,-3.061256130387914,0.1898564294401398,24019.646466905542,25,0,0
WAB,UHS,-3.476888912798846,0.03449986876111576,-3.940251928010124,-3.3603871872705398,-3.061256130387914,0.1855658362614886,-3587.4235984427705,19,0,0
UHS,XYL,-3.4580578611815787,0.03629902766759607,-3.940251928010124,-3.3603871872705398,-3.061256130387914,0.18440912134276566,370.8531824026646,29,0,0
UHS,YUM,-4.329387716893295,0.002303098371068644,-3.940251928010124,-3.3603871872705398,-3.061256130387914,0.14849641056277635,165.52828213839896,17,0,0
VRSN,VLO,-3.507793433544705,0.03171074328240647,-3.940251928010124,-3.3603871872705398,-3.061256130387914,0.19982300083382956,691.5650714297637,27,0,0
V,VTR,-4.8278217405831665,0.00033697080541091376,-3.940251928010124,-3.3603871872705398,-3.061256130387914,0.15726870059745926,-940.2974810012087,53,0,0
VTR,VMC,-3.8369775709494167,0.012092479095983424,-3.940251928010124,-3.3603871872705398,-3.061256130387914,0.19635742884876237,-462.30208976937223,13,0,0
VTR,WRK,-3.7443106180436123,0.016055558680873883,-3.940251928010124,-3.3603871872705398,-3.061256130387914,0.21306770118591722,43.71287062018214,30,0,0
VRSN,VRSK,-3.5461069420607525,0.028521183543663176,-3.940251928010124,-3.3603871872705398,-3.061256130387914,0.200058921052876,47.21905410381179,17,0,0
VRSN,VZ,-3.492918031535169,0.03302837420064245,-3.940251928010124,-3.3603871872705398,-3.061256130387914,0.1662853147091925,2178.5614301073333,28,0,0
VRSN,VFC,-3.645261244599312,0.02151288536677575,-3.940251928010124,-3.3603871872705398,-3.061256130387914,0.15116402730236622,439.45975013915347,17,0,0
VRSN,VNO,-3.5666169043270894,0.026929423590997217,-3.940251928010124,-3.3603871872705398,-3.061256130387914,0.18126106934657965,1357.4638684664178,28,0,0
VRSN,WMT,-3.6784611121625397,0.019526732113247375,-3.940251928010124,-3.3603871872705398,-3.061256130387914,0.1927367604391751,368.6935101897935,16,0,0
VRSN,WBA,-3.622651766326162,0.02296381507849675,-3.940251928010124,-3.3603871872705398,-3.061256130387914,0.1828963619176703,1266.150146582867,17,0,0
VRSN,WM,-3.570856980055188,0.02661003575176252,-3.940251928010124,-3.3603871872705398,-3.061256130387914,0.18887967850548515,289.74182819448487,17,0,0
VRSN,WEC,-3.4781215329469024,0.03438477763880906,-3.940251928010124,-3.3603871872705398,-3.061256130387914,0.20319675825146996,1272.593152653431,34,0,0
VRSN,WFC,-3.5151171208031107,0.03107861299110789,-3.940251928010124,-3.3603871872705398,-3.061256130387914,0.1688424200600936,1062.2855314572919,13,0,0
VRSN,WRK,-3.752543160902075,0.015662199090666015,-3.940251928010124,-3.3603871872705398,-3.061256130387914,0.17204240459229875,763.1957144835922,15,0,0
VRSN,WY,-3.6996172637376317,0.0183461708486977,-3.940251928010124,-3.3603871872705398,-3.061256130387914,0.14276087499340376,987.452133748279,21,0,0
VRSN,WMB,-3.8232001389756576,0.01262045894195612,-3.940251928010124,-3.3603871872705398,-3.061256130387914,0.17073640429406212,1879.6548649107224,22,0,0
VRSN,WTW,-3.6463566965223757,0.021444653467653337,-3.940251928010124,-3.3603871872705398,-3.061256130387914,0.17333071696853464,24.184665400659863,27,0,0
VRSN,XEL,-3.488761671458562,0.03340472998865899,-3.940251928010124,-3.3603871872705398,-3.061256130387914,0.18210617235086493,1318.3494087230406,28,0,0
VRSN,ZBH,-3.7532577760429273,0.015628457380056446,-3.940251928010124,-3.3603871872705398,-3.061256130387914,0.16571050151788905,104.791475632146,13,0,0
VRSK,VZ,-3.34373717842907,0.04899512327340667,-3.940251928010124,-3.3603871872705398,-3.061256130387914,0.20795537914894024,-802.8139701470828,13,0,0
VRSK,WMT,-3.860900347829742,0.01122218162364568,-3.940251928010124,-3.3603871872705398,-3.061256130387914,0.17029503635077484,30519.012268160586,41,0,0
V,VFC,-3.391727010909274,0.04327769052603733,-3.940251928010124,-3.3603871872705398,-3.061256130387914,0.17901355201312155,-1106.6531631336,31,0,0
VFC,XYL,-3.377687070463928,0.04488989892343286,-3.940251928010124,-3.3603871872705398,-3.061256130387914,0.21795313002446906,301.48010908182414,24,0,0
V,WAB,-3.8333098085465367,0.012231083956682934,-3.940251928010124,-3.3603871872705398,-3.061256130387914,0.19324734665327667,-1185.448261756642,41,0,0
V,WBA,-3.3938364943864587,0.04303967332168902,-3.940251928010124,-3.3603871872705398,-3.061256130387914,0.22248946749471782,-657.5235511775605,15,0,0
V,WM,-4.144516088285693,0.004420123088608741,-3.940251928010124,-3.3603871872705398,-3.061256130387914,0.20144524642823594,-1205.668026748318,43,0,0
V,WFC,-3.921858352039341,0.009251573487313819,-3.940251928010124,-3.3603871872705398,-3.061256130387914,0.18005993978665494,-833.0334571142558,21,0,0
V,WELL,-5.02511010356949,0.00014799906389694153,-3.940251928010124,-3.3603871872705398,-3.061256130387914,0.16758446545415503,-1029.2899750267686,41,0,0
V,WDC,-3.659536707876506,0.02063833065884948,-3.940251928010124,-3.3603871872705398,-3.061256130387914,0.213022414287291,-1078.6418826509587,19,0,1
V,WRK,-4.114411055611344,0.004899081496772982,-3.940251928010124,-3.3603871872705398,-3.061256130387914,0.19778573174842565,-979.0307834721413,49,0,0
V,WY,-4.017017043791251,0.006790085824035579,-3.940251928010124,-3.3603871872705398,-3.061256130387914,0.19379196266919635,-830.4692239144063,39,0,0
V,WHR,-3.764599271376747,0.015101450396797214,-3.940251928010124,-3.3603871872705398,-3.061256130387914,0.2199849786244444,47.76081850754523,13,0,0
V,WMB,-3.8958301815859655,0.0100515839432224,-3.940251928010124,-3.3603871872705398,-3.061256130387914,0.1829199234817456,-648.6860677301153,15,0,0
V,WTW,-3.995147366582309,0.0072965375056933,-3.940251928010124,-3.3603871872705398,-3.061256130387914,0.19543661849003077,9.308898968113452,27,0,0
V,XYL,-3.9911568205390107,0.007392543848689926,-3.940251928010124,-3.3603871872705398,-3.061256130387914,0.2108346097963553,-1874.2951572225536,17,0,0
V,YUM,-4.342286456833157,0.002197888470636586,-3.940251928010124,-3.3603871872705398,-3.061256130387914,0.18655276252082983,-917.2940885893554,43,0,0
V,ZBH,-3.8747332948535282,0.01074480431553055,-3.940251928010124,-3.3603871872705398,-3.061256130387914,0.2103031636433771,484.619916037128,30,0,0
V,ZION,-3.7219369285609307,0.017168784765637875,-3.940251928010124,-3.3603871872705398,-3.061256130387914,0.17991717064853655,-971.9643312912982,25,0,0
VNO,WBA,-3.3497666877143777,0.048244222970876605,-3.940251928010124,-3.3603871872705398,-3.061256130387914,0.2022813495048293,34.318129412611675,30,0,0
WELL,VMC,-3.3904239291124525,0.04342526646124785,-3.940251928010124,-3.3603871872705398,-3.061256130387914,0.21045162527954897,-494.5720790846406,13,0,0
VMC,ZBH,-4.270530378332593,0.002844888412612702,-3.940251928010124,-3.3603871872705398,-3.061256130387914,0.17804689156823997,11.465838122638205,26,0,0
WAB,WAT,-3.926049271521225,0.009128232943271076,-3.940251928010124,-3.3603871872705398,-3.061256130387914,0.24637593054410276,-372.7282307433331,13,0,0
WAB,YUM,-4.0035481291819375,0.007098095539916412,-3.940251928010124,-3.3603871872705398,-3.061256130387914,0.1431523200001633,337.13863220428556,40,0,0
WAB,ZBH,-3.8022696401901017,0.01346171058893818,-3.940251928010124,-3.3603871872705398,-3.061256130387914,0.15267188847797186,-527.6530930129481,15,0,0
ZTS,WMT,-3.404204723074718,0.04188559628316004,-3.940251928010124,-3.3603871872705398,-3.061256130387914,0.1926576920814686,144.35895484312007,29,0,0
WBA,WFC,-3.7170361906474105,0.017421472704655917,-3.940251928010124,-3.3603871872705398,-3.061256130387914,0.20643723791474633,164.30417676938313,23,0,0
WMB,WBA,-3.608239362983836,0.023932263127475293,-3.940251928010124,-3.3603871872705398,-3.061256130387914,0.20257121656948765,27536.155823738773,14,0,0
WTW,WBA,-3.7388632220022098,0.01632059128769925,-3.940251928010124,-3.3603871872705398,-3.061256130387914,0.2341958671349625,-1049.64951310777,15,0,0
WEC,XEL,-3.685685035043981,0.019116378399336376,-3.940251928010124,-3.3603871872705398,-3.061256130387914,0.19345260578785353,497.41708067940465,20,1,1
WDC,WFC,-3.9316508173267914,0.008965679342539909,-3.940251928010124,-3.3603871872705398,-3.061256130387914,0.1673558636686996,731.8145893760739,13,0,0
WTW,WFC,-4.259184391503773,0.0029619676039065817,-3.940251928010124,-3.3603871872705398,-3.061256130387914,0.21301315597274867,-1467.7737983917823,27,0,1
WELL,WRK,-3.730434875218368,0.01673823064399062,-3.940251928010124,-3.3603871872705398,-3.061256130387914,0.19583961469399747,427.1820928002109,29,0,0
WMB,WELL,-4.055948897700844,0.00596653219454696,-3.940251928010124,-3.3603871872705398,-3.061256130387914,0.18426233187099814,-394.1664524473773,17,0,0
WELL,ZBH,-3.390896492864821,0.04337169960167428,-3.940251928010124,-3.3603871872705398,-3.061256130387914,0.1909074221521721,-512.561736999865,21,0,0
WST,WHR,-3.639094329340696,0.02190052751093626,-3.940251928010124,-3.3603871872705398,-3.061256130387914,0.17198758478229267,464.70700141435174,34,0,0
WST,ZTS,-4.058702876168028,0.005911855455243816,-3.940251928010124,-3.3603871872705398,-3.061256130387914,0.21246780145892824,-268.56711216246487,17,0,1
ZION,WDC,-3.7622044439219717,0.015211408612605478,-3.940251928010124,-3.3603871872705398,-3.061256130387914,0.18762391611385482,55.08457905854701,30,0,0
ZBH,WRK,-3.3736785620154586,0.045359240203395525,-3.940251928010124,-3.3603871872705398,-3.061256130387914,0.18705400161171895,-547.1202693028333,21,0,0
WMB,WY,-3.3751181769530487,0.045190214891839636,-3.940251928010124,-3.3603871872705398,-3.061256130387914,0.20684431703462727,-258.36360932780104,15,0,0
WMB,WTW,-3.793871421489152,0.013812971535852505,-3.940251928010124,-3.3603871872705398,-3.061256130387914,0.21477668565428137,-965.5982789989067,25,0,0
WYNN,ZION,-3.6343502913303536,0.02220283815751509,-3.940251928010124,-3.3603871872705398,-3.061256130387914,0.22713585701944294,-1096.2434601621783,15,0,0
ZBH,XYL,-3.420586323566764,0.040114868169700266,-3.940251928010124,-3.3603871872705398,-3.061256130387914,0.17265905459448908,-858.1546719183298,39,0,0
ZBH,YUM,-3.4964036469131123,0.03271553146692018,-3.940251928010124,-3.3603871872705398,-3.061256130387914,0.14491082659277574,-494.84861666097567,23,0,0
